old_path	new_path
apps/audit_neumann_two_level_edge_cauchy_3d.ps1	scripts/validation/audit_neumann_two_level_edge_cauchy_3d.ps1
apps/benchmark_nurbs_geometries_2d.cpp	src/support/geometry/benchmark_nurbs_geometries_2d.cpp
apps/benchmark_nurbs_geometries_2d.hpp	src/support/geometry/benchmark_nurbs_geometries_2d.hpp
apps/benchmark_nurbs_geometries_2d_test.cpp	tests/geometry/benchmark_nurbs_geometries_2d_test.cpp
apps/cap_atlas_density_space_3d.cpp	src/support/density/cap_atlas_density_space_3d.cpp
apps/cap_atlas_density_space_3d.hpp	src/support/density/cap_atlas_density_space_3d.hpp
apps/crossing_cauchy_plan_3d.cpp	src/support/cauchy/crossing_cauchy_plan_3d.cpp
apps/crossing_cauchy_plan_3d.hpp	src/support/cauchy/crossing_cauchy_plan_3d.hpp
apps/crossing_owner_restrict_3d.cpp	src/support/trace/crossing_owner_restrict_3d.cpp
apps/crossing_owner_restrict_3d.hpp	src/support/trace/crossing_owner_restrict_3d.hpp
apps/crossing_owner_restrict_3d_test.cpp	tests/trace/crossing_owner_restrict_3d_test.cpp
apps/csv_rfc4180.hpp	src/support/diagnostics/csv_rfc4180.hpp
apps/curve_resampler_2d_test.cpp	tests/geometry/curve_resampler_2d_test.cpp
apps/data_reuse_3d_benchmark.cpp	benchmarks/3d/data_reuse_3d_benchmark.cpp
apps/direct_coefficient_cauchy_3d.cpp	src/support/cauchy/direct_coefficient_cauchy_3d.cpp
apps/direct_coefficient_cauchy_3d.hpp	src/support/cauchy/direct_coefficient_cauchy_3d.hpp
apps/direct_coefficient_cauchy_3d_test.cpp	tests/cauchy/direct_coefficient_cauchy_3d_test.cpp
apps/dirichlet_rigid_transform_study_3d.cpp	src/support/diagnostics/dirichlet_rigid_transform_study_3d.cpp
apps/dirichlet_rigid_transform_study_3d.hpp	src/support/diagnostics/dirichlet_rigid_transform_study_3d.hpp
apps/dirichlet_rigid_transform_study_3d_test.cpp	tests/diagnostics/dirichlet_rigid_transform_study_3d_test.cpp
apps/edge_jump_jet_reduction_3d.cpp	src/support/topology/edge_jump_jet_reduction_3d.cpp
apps/edge_jump_jet_reduction_3d.hpp	src/support/topology/edge_jump_jet_reduction_3d.hpp
apps/edge_jump_jet_reduction_3d_test.cpp	tests/topology/edge_jump_jet_reduction_3d_test.cpp
apps/exterior_only_cubic_normal_restrict_3d.cpp	src/support/trace/exterior_only_cubic_normal_restrict_3d.cpp
apps/exterior_only_cubic_normal_restrict_3d.hpp	src/support/trace/exterior_only_cubic_normal_restrict_3d.hpp
apps/exterior_only_cubic_normal_restrict_3d_test.cpp	tests/trace/exterior_only_cubic_normal_restrict_3d_test.cpp
apps/generate_kfbi_3d_validation_report.ps1	scripts/validation/generate_kfbi_3d_validation_report.ps1
apps/geometric_feature_trace_fit_3d.cpp	src/support/trace/geometric_feature_trace_fit_3d.cpp
apps/geometric_feature_trace_fit_3d.hpp	src/support/trace/geometric_feature_trace_fit_3d.hpp
apps/geometric_feature_trace_fit_3d_test.cpp	tests/trace/geometric_feature_trace_fit_3d_test.cpp
apps/grid_edge_event_3d_test.cpp	tests/geometry/grid_edge_event_3d_test.cpp
apps/harmonic_cauchy_fit_3d.cpp	src/support/cauchy/harmonic_cauchy_fit_3d.cpp
apps/harmonic_cauchy_fit_3d.hpp	src/support/cauchy/harmonic_cauchy_fit_3d.hpp
apps/harmonic_cauchy_fit_3d_test.cpp	tests/cauchy/harmonic_cauchy_fit_3d_test.cpp
apps/harmonic_polynomial_space_3d.cpp	src/support/cauchy/harmonic_polynomial_space_3d.cpp
apps/harmonic_polynomial_space_3d.hpp	src/support/cauchy/harmonic_polynomial_space_3d.hpp
apps/harmonic_polynomial_space_3d_test.cpp	tests/cauchy/harmonic_polynomial_space_3d_test.cpp
apps/harmonic_trace_correction_3d.cpp	src/support/trace/harmonic_trace_correction_3d.cpp
apps/harmonic_trace_correction_3d.hpp	src/support/trace/harmonic_trace_correction_3d.hpp
apps/harmonic_trace_correction_3d_test.cpp	tests/trace/harmonic_trace_correction_3d_test.cpp
apps/kfbi_general_cap_exterior_trace_3d.cpp	apps/laplace/3d/kfbi_general_cap_exterior_trace_3d.cpp
apps/kfbi_phase_profile_3d.cpp	src/support/diagnostics/kfbi_phase_profile_3d.cpp
apps/kfbi_phase_profile_3d.hpp	src/support/diagnostics/kfbi_phase_profile_3d.hpp
apps/kfbi_phase_profile_3d_test.cpp	tests/diagnostics/kfbi_phase_profile_3d_test.cpp
apps/laplace_crossing_local_polynomial_2d_test.cpp	tests/cauchy/laplace_crossing_local_polynomial_2d_test.cpp
apps/laplace_exterior_trace_flower_convergence_2d.cpp	apps/laplace/2d/laplace_exterior_trace_flower_convergence_2d.cpp
apps/laplace_nsc_et_benchmark_2d.cpp	benchmarks/2d/laplace_nsc_et_benchmark_2d.cpp
apps/laplace_nsc_et_bvp_2d_test.cpp	tests/solvers/laplace_nsc_et_bvp_2d_test.cpp
apps/laplace_smooth_boundary_iteration_2d.cpp	apps/laplace/2d/laplace_smooth_boundary_iteration_2d.cpp
apps/mean_free_trace_mass_coordinates_3d.cpp	src/support/trace/mean_free_trace_mass_coordinates_3d.cpp
apps/mean_free_trace_mass_coordinates_3d.hpp	src/support/trace/mean_free_trace_mass_coordinates_3d.hpp
apps/mean_free_trace_mass_coordinates_3d_test.cpp	tests/trace/mean_free_trace_mass_coordinates_3d_test.cpp
apps/merge_kfbi_3d_validation_reports.ps1	scripts/validation/merge_kfbi_3d_validation_reports.ps1
apps/native_density_resolution_3d.cpp	src/support/density/native_density_resolution_3d.cpp
apps/native_density_resolution_3d.hpp	src/support/density/native_density_resolution_3d.hpp
apps/native_density_resolution_3d_test.cpp	tests/density/native_density_resolution_3d_test.cpp
apps/native_endpoint_path_3d_test.cpp	tests/geometry/native_endpoint_path_3d_test.cpp
apps/native_endpoint_path_adapter_3d.cpp	src/support/trace/native_endpoint_path_adapter_3d.cpp
apps/native_endpoint_path_adapter_3d.hpp	src/support/trace/native_endpoint_path_adapter_3d.hpp
apps/native_nurbs_density_space_3d.cpp	src/support/density/native_nurbs_density_space_3d.cpp
apps/native_nurbs_density_space_3d.hpp	src/support/density/native_nurbs_density_space_3d.hpp
apps/native_nurbs_density_space_3d_test.cpp	tests/density/native_nurbs_density_space_3d_test.cpp
apps/native_nurbs_exact_geometry_3d_test.cpp	tests/geometry/native_nurbs_exact_geometry_3d_test.cpp
apps/native_nurbs_surface_3d.cpp	src/support/geometry/native_nurbs_surface_3d.cpp
apps/native_nurbs_surface_3d.hpp	src/support/geometry/native_nurbs_surface_3d.hpp
apps/native_nurbs_surface_3d_test.cpp	tests/geometry/native_nurbs_surface_3d_test.cpp
apps/native_nurbs_surface_transform_3d.cpp	src/support/geometry/native_nurbs_surface_transform_3d.cpp
apps/native_nurbs_surface_transform_3d.hpp	src/support/geometry/native_nurbs_surface_transform_3d.hpp
apps/native_nurbs_surface_transform_3d_test.cpp	tests/geometry/native_nurbs_surface_transform_3d_test.cpp
apps/neumann_edge_augmented_cauchy_3d.cpp	src/support/cauchy/neumann_edge_augmented_cauchy_3d.cpp
apps/neumann_edge_augmented_cauchy_3d.hpp	src/support/cauchy/neumann_edge_augmented_cauchy_3d.hpp
apps/neumann_edge_augmented_cauchy_3d_detail.hpp	src/support/cauchy/neumann_edge_augmented_cauchy_3d_detail.hpp
apps/neumann_edge_augmented_cauchy_3d_test.cpp	tests/cauchy/neumann_edge_augmented_cauchy_3d_test.cpp
apps/neumann_edge_cauchy_study_3d.cpp	src/support/diagnostics/neumann_edge_cauchy_study_3d.cpp
apps/neumann_edge_cauchy_study_3d.hpp	src/support/diagnostics/neumann_edge_cauchy_study_3d.hpp
apps/neumann_edge_cauchy_study_3d_test.cpp	tests/diagnostics/neumann_edge_cauchy_study_3d_test.cpp
apps/neumann_edge_continuity_3d.cpp	src/support/topology/neumann_edge_continuity_3d.cpp
apps/neumann_edge_continuity_3d.hpp	src/support/topology/neumann_edge_continuity_3d.hpp
apps/neumann_edge_continuity_3d_test.cpp	tests/topology/neumann_edge_continuity_3d_test.cpp
apps/neumann_exterior_trace_circle_2d.cpp	apps/laplace/2d/neumann_exterior_trace_circle_2d.cpp
apps/neumann_exterior_trace_lshape_2d.cpp	apps/laplace/2d/neumann_exterior_trace_lshape_2d.cpp
apps/neumann_exterior_trace_lshape_slow_points_2d.cpp	apps/laplace/2d/neumann_exterior_trace_lshape_slow_points_2d.cpp
apps/neumann_exterior_zero_trace_3d.cpp	apps/laplace/3d/neumann_exterior_zero_trace_3d.cpp
apps/neumann_exterior_zero_trace_3d_route_test.cpp	tests/solvers/neumann_exterior_zero_trace_3d_route_test.cpp
apps/neumann_harmonic_jet_case_2d.cpp	apps/laplace/2d/neumann_harmonic_jet_case_2d.cpp
apps/neumann_harmonic_jet_python_compatible_2d.cpp	apps/laplace/2d/neumann_harmonic_jet_python_compatible_2d.cpp
apps/neumann_rigid_transform_study_3d.cpp	src/support/diagnostics/neumann_rigid_transform_study_3d.cpp
apps/neumann_rigid_transform_study_3d.hpp	src/support/diagnostics/neumann_rigid_transform_study_3d.hpp
apps/neumann_rigid_transform_study_3d_test.cpp	tests/diagnostics/neumann_rigid_transform_study_3d_test.cpp
apps/nurbs_density_space_2d_test.cpp	tests/density/nurbs_density_space_2d_test.cpp
apps/nurbs_geometry_preprocess_benchmark_3d.cpp	benchmarks/3d/nurbs_geometry_preprocess_benchmark_3d.cpp
apps/nurbs_geometry_preprocess_benchmark_3d.hpp	benchmarks/3d/nurbs_geometry_preprocess_benchmark_3d.hpp
apps/nurbs_geometry_preprocess_benchmark_3d_test.cpp	tests/diagnostics/nurbs_geometry_preprocess_benchmark_3d_test.cpp
apps/reduced_trace_projection_3d.cpp	src/support/trace/reduced_trace_projection_3d.cpp
apps/reduced_trace_projection_3d.hpp	src/support/trace/reduced_trace_projection_3d.hpp
apps/restrict_crossing_feature_side_classifier_3d_test.cpp	tests/trace/restrict_crossing_feature_side_classifier_3d_test.cpp
apps/restrict_crossing_path_state_3d.cpp	src/support/trace/restrict_crossing_path_state_3d.cpp
apps/restrict_crossing_path_state_3d_test.cpp	tests/trace/restrict_crossing_path_state_3d_test.cpp
apps/restrict_crossing_selector_3d.cpp	src/support/trace/restrict_crossing_selector_3d.cpp
apps/restrict_crossing_selector_3d.hpp	src/support/trace/restrict_crossing_selector_3d.hpp
apps/restrict_crossing_selector_3d_test.cpp	tests/trace/restrict_crossing_selector_3d_test.cpp
apps/restrict_owner_geometry_preprocessor_3d.cpp	src/support/trace/restrict_owner_geometry_preprocessor_3d.cpp
apps/restrict_owner_geometry_preprocessor_3d.hpp	src/support/trace/restrict_owner_geometry_preprocessor_3d.hpp
apps/restrict_owner_geometry_preprocessor_3d_test.cpp	tests/trace/restrict_owner_geometry_preprocessor_3d_test.cpp
apps/run_kfbi_3d_full_validation.ps1	scripts/validation/run_kfbi_3d_full_validation.ps1
apps/run_native_c0_validation.ps1	scripts/validation/run_native_c0_validation.ps1
apps/shape_opt_transmission_2d.cpp	apps/shape_optimization/shape_opt_transmission_2d.cpp
apps/shared_quadratic_restrict_3d.cpp	src/support/trace/shared_quadratic_restrict_3d.cpp
apps/shared_quadratic_restrict_3d.hpp	src/support/trace/shared_quadratic_restrict_3d.hpp
apps/shared_quadratic_restrict_3d_test.cpp	tests/trace/shared_quadratic_restrict_3d_test.cpp
apps/smooth_t_topology_3d_test.cpp	tests/topology/smooth_t_topology_3d_test.cpp
apps/tensor_product_cover_restrict_3d.cpp	src/support/trace/tensor_product_cover_restrict_3d.cpp
apps/tensor_product_cover_restrict_3d.hpp	src/support/trace/tensor_product_cover_restrict_3d.hpp
apps/tensor_product_cover_restrict_3d_test.cpp	tests/trace/tensor_product_cover_restrict_3d_test.cpp
apps/topology_affine_reduction_3d.cpp	src/support/topology/topology_affine_reduction_3d.cpp
apps/topology_affine_reduction_3d.hpp	src/support/topology/topology_affine_reduction_3d.hpp
apps/topology_affine_reduction_3d_test.cpp	tests/topology/topology_affine_reduction_3d_test.cpp
apps/topology_density_constraints_3d.cpp	src/support/topology/topology_density_constraints_3d.cpp
apps/topology_density_constraints_3d.hpp	src/support/topology/topology_density_constraints_3d.hpp
apps/topology_density_constraints_3d_test.cpp	tests/topology/topology_density_constraints_3d_test.cpp
apps/topology_mean_free_reduction_3d.cpp	src/support/topology/topology_mean_free_reduction_3d.cpp
apps/topology_mean_free_reduction_3d.hpp	src/support/topology/topology_mean_free_reduction_3d.hpp
apps/topology_mean_free_reduction_3d_test.cpp	tests/topology/topology_mean_free_reduction_3d_test.cpp
apps/topology_reachable_target_projection_3d.cpp	src/support/topology/topology_reachable_target_projection_3d.cpp
apps/topology_reachable_target_projection_3d.hpp	src/support/topology/topology_reachable_target_projection_3d.hpp
apps/topology_reachable_target_projection_3d_test.cpp	tests/topology/topology_reachable_target_projection_3d_test.cpp
apps/topology_trace_projector_3d.cpp	src/support/topology/topology_trace_projector_3d.cpp
apps/topology_trace_projector_3d.hpp	src/support/topology/topology_trace_projector_3d.hpp
apps/topology_trace_projector_3d_test.cpp	tests/topology/topology_trace_projector_3d_test.cpp
apps/transmission_center_perturb_2d.cpp	apps/transmission/transmission_center_perturb_2d.cpp
apps/u_prism_geometry_3d_test.cpp	tests/geometry/u_prism_geometry_3d_test.cpp
apps/visualize_shape_opt_2d.py	scripts/visualization/visualize_shape_opt_2d.py
apps/visualize_transmission_center_perturb_2d.py	scripts/visualization/visualize_transmission_center_perturb_2d.py
